{"cameraMode":{"drawMode":0,"name":"Shaded","section":"Shading Mode"},"sceneLighting":true,"audioPlay":false,"sceneViewState":{"showFog":true,"showMaterialUpdate":false,"showSkybox":false,"showFlares":true,"showImageEffects":true,"showParticleSystems":true},"in2DMode":false,"pivot":{"x":-4.600000381469727,"y":1.3540000915527344,"z":0.0},"rotation":{"x":0.030064482241868974,"y":0.9598001837730408,"z":-0.2551317811012268,"w":0.11310505867004395},"size":36.37306594848633,"orthographic":false}